tic,date,ajexdi,price,gvkey
UNG,1/4/2021,0.25,9.45,177207
UNG,1/5/2021,0.25,9.78,177207
UNG,1/6/2021,0.25,9.83,177207
UNG,1/7/2021,0.25,9.7,177207
UNG,1/8/2021,0.25,9.75,177207
UNG,1/11/2021,0.25,10.1,177207
UNG,1/12/2021,0.25,9.92,177207
UNG,1/13/2021,0.25,9.94,177207
UNG,1/14/2021,0.25,9.68,177207
UNG,1/15/2021,0.25,9.96,177207
UNG,1/19/2021,0.25,9.26,177207
UNG,1/20/2021,0.25,9.28,177207
UNG,1/21/2021,0.25,9.19,177207
UNG,1/22/2021,0.25,9.01,177207
UNG,1/25/2021,0.25,9.54,177207
UNG,1/26/2021,0.25,9.67,177207
UNG,1/27/2021,0.25,9.82,177207
UNG,1/28/2021,0.25,9.83,177207
UNG,1/29/2021,0.25,9.41,177207
UNG,2/1/2021,0.25,10.32,177207
UNG,2/2/2021,0.25,10.39,177207
UNG,2/3/2021,0.25,10.14,177207
UNG,2/4/2021,0.25,10.84,177207
UNG,2/5/2021,0.25,10.53,177207
UNG,2/8/2021,0.25,10.59,177207
UNG,2/9/2021,0.25,10.31,177207
UNG,2/10/2021,0.25,10.85,177207
UNG,2/11/2021,0.25,10.44,177207
UNG,2/12/2021,0.25,10.67,177207
UNG,2/16/2021,0.25,11.1,177207
UNG,2/17/2021,0.25,11.3,177207
UNG,2/18/2021,0.25,10.99,177207
UNG,2/19/2021,0.25,11.16,177207
UNG,2/22/2021,0.25,10.93,177207
UNG,2/23/2021,0.25,10.69,177207
UNG,2/24/2021,0.25,10.48,177207
UNG,2/25/2021,0.25,10.31,177207
UNG,2/26/2021,0.25,10.32,177207
UNG,3/1/2021,0.25,10.37,177207
UNG,3/2/2021,0.25,10.64,177207
UNG,3/3/2021,0.25,10.5,177207
UNG,3/4/2021,0.25,10.26,177207
UNG,3/5/2021,0.25,10.08,177207
UNG,3/8/2021,0.25,9.94,177207
UNG,3/9/2021,0.25,9.97,177207
UNG,3/10/2021,0.25,10.03,177207
UNG,3/11/2021,0.25,9.97,177207
UNG,3/12/2021,0.25,9.69,177207
UNG,3/15/2021,0.25,9.35,177207
UNG,3/16/2021,0.25,9.55,177207
UNG,3/17/2021,0.25,9.43,177207
UNG,3/18/2021,0.25,9.29,177207
UNG,3/19/2021,0.25,9.49,177207
UNG,3/22/2021,0.25,9.62,177207
UNG,3/23/2021,0.25,9.42,177207
UNG,3/24/2021,0.25,9.45,177207
UNG,3/25/2021,0.25,9.64,177207
UNG,3/26/2021,0.25,9.66,177207
UNG,3/29/2021,0.25,9.73,177207
UNG,3/30/2021,0.25,9.66,177207
UNG,3/31/2021,0.25,9.58,177207
UNG,4/1/2021,0.25,9.7,177207
UNG,4/5/2021,0.25,9.25,177207
UNG,4/6/2021,0.25,9.06,177207
UNG,4/7/2021,0.25,9.25,177207
UNG,4/8/2021,0.25,9.28,177207
UNG,4/9/2021,0.25,9.28,177207
UNG,4/12/2021,0.25,9.42,177207
UNG,4/13/2021,0.25,9.65,177207
UNG,4/14/2021,0.25,9.63,177207
UNG,4/15/2021,0.25,9.8,177207
UNG,4/16/2021,0.25,9.88,177207
UNG,4/19/2021,0.25,10.09,177207
UNG,4/20/2021,0.25,10.04,177207
UNG,4/21/2021,0.25,9.95,177207
UNG,4/22/2021,0.25,10.15,177207
UNG,4/23/2021,0.25,10.06,177207
UNG,4/26/2021,0.25,10.31,177207
UNG,4/27/2021,0.25,10.52,177207
UNG,4/28/2021,0.25,10.58,177207
UNG,4/29/2021,0.25,10.42,177207
UNG,4/30/2021,0.25,10.51,177207
UNG,5/3/2021,0.25,10.63,177207
UNG,5/4/2021,0.25,10.66,177207
UNG,5/5/2021,0.25,10.56,177207
UNG,5/6/2021,0.25,10.53,177207
UNG,5/7/2021,0.25,10.59,177207
UNG,5/10/2021,0.25,10.5,177207
UNG,5/11/2021,0.25,10.59,177207
UNG,5/12/2021,0.25,10.68,177207
UNG,5/13/2021,0.25,10.65,177207
UNG,5/14/2021,0.25,10.64,177207
UNG,5/17/2021,0.25,11.16,177207
UNG,5/18/2021,0.25,10.81,177207
UNG,5/19/2021,0.25,10.67,177207
UNG,5/20/2021,0.25,10.59,177207
UNG,5/21/2021,0.25,10.46,177207
UNG,5/24/2021,0.25,10.42,177207
UNG,5/25/2021,0.25,10.54,177207
UNG,5/26/2021,0.25,10.62,177207
UNG,5/27/2021,0.25,10.41,177207
UNG,5/28/2021,0.25,10.52,177207
UNG,6/1/2021,0.25,10.92,177207
UNG,6/2/2021,0.25,10.79,177207
UNG,6/3/2021,0.25,10.76,177207
UNG,6/4/2021,0.25,10.89,177207
UNG,6/7/2021,0.25,10.82,177207
UNG,6/8/2021,0.25,11,177207
UNG,6/9/2021,0.25,11.09,177207
UNG,6/10/2021,0.25,11.09,177207
UNG,6/11/2021,0.25,11.54,177207
UNG,6/14/2021,0.25,11.81,177207
UNG,6/15/2021,0.25,11.3,177207
UNG,6/16/2021,0.25,11.43,177207
UNG,6/17/2021,0.25,11.42,177207
UNG,6/18/2021,0.25,11.31,177207
UNG,6/21/2021,0.25,11.26,177207
UNG,6/22/2021,0.25,11.47,177207
UNG,6/23/2021,0.25,11.64,177207
UNG,6/24/2021,0.25,12.01,177207
UNG,6/25/2021,0.25,12.32,177207
UNG,6/28/2021,0.25,12.57,177207
UNG,6/29/2021,0.25,12.8,177207
UNG,6/30/2021,0.25,13.08,177207
UNG,7/1/2021,0.25,12.79,177207
UNG,7/2/2021,0.25,12.91,177207
UNG,7/6/2021,0.25,12.86,177207
UNG,7/7/2021,0.25,12.54,177207
UNG,7/8/2021,0.25,12.86,177207
UNG,7/9/2021,0.25,12.89,177207
UNG,7/12/2021,0.25,13.1,177207
UNG,7/13/2021,0.25,12.91,177207
UNG,7/14/2021,0.25,12.8,177207
UNG,7/15/2021,0.25,12.65,177207
UNG,7/16/2021,0.25,12.83,177207
UNG,7/19/2021,0.25,13.15,177207
UNG,7/20/2021,0.25,13.59,177207
UNG,7/21/2021,0.25,13.67,177207
UNG,7/22/2021,0.25,13.95,177207
UNG,7/23/2021,0.25,14.07,177207
UNG,7/26/2021,0.25,14.24,177207
UNG,7/27/2021,0.25,13.74,177207
UNG,7/28/2021,0.25,13.85,177207
UNG,7/29/2021,0.25,14.19,177207
UNG,7/30/2021,0.25,13.76,177207
UNG,8/2/2021,0.25,13.86,177207
UNG,8/3/2021,0.25,14.25,177207
UNG,8/4/2021,0.25,14.57,177207
UNG,8/5/2021,0.25,14.59,177207
UNG,8/6/2021,0.25,14.48,177207
UNG,8/9/2021,0.25,14.15,177207
UNG,8/10/2021,0.25,14.39,177207
UNG,8/11/2021,0.25,14.22,177207
UNG,8/12/2021,0.25,13.71,177207
UNG,8/13/2021,0.25,13.5,177207
UNG,8/16/2021,0.25,13.85,177207
UNG,8/17/2021,0.25,13.43,177207
UNG,8/18/2021,0.25,13.39,177207
UNG,8/19/2021,0.25,13.52,177207
UNG,8/20/2021,0.25,13.48,177207
UNG,8/23/2021,0.25,13.82,177207
UNG,8/24/2021,0.25,13.67,177207
UNG,8/25/2021,0.25,13.75,177207
UNG,8/26/2021,0.25,14.7,177207
UNG,8/27/2021,0.25,15.34,177207
UNG,8/30/2021,0.25,15.09,177207
UNG,8/31/2021,0.25,15.32,177207
UNG,9/1/2021,0.25,16.1,177207
UNG,9/2/2021,0.25,16.19,177207
UNG,9/3/2021,0.25,16.42,177207
UNG,9/7/2021,0.25,15.97,177207
UNG,9/8/2021,0.25,17.18,177207
UNG,9/9/2021,0.25,17.49,177207
UNG,9/10/2021,0.25,17.35,177207
UNG,9/13/2021,0.25,18.1,177207
UNG,9/14/2021,0.25,18.47,177207
UNG,9/15/2021,0.25,19.07,177207
UNG,9/16/2021,0.25,18.47,177207
UNG,9/17/2021,0.25,17.65,177207
UNG,9/20/2021,0.25,17.25,177207
UNG,9/21/2021,0.25,16.87,177207
UNG,9/22/2021,0.25,16.65,177207
UNG,9/23/2021,0.25,17.63,177207
UNG,9/24/2021,0.25,18.08,177207
UNG,9/27/2021,0.25,20.31,177207
UNG,9/28/2021,0.25,20.14,177207
UNG,9/29/2021,0.25,18.84,177207
UNG,9/30/2021,0.25,20.16,177207
UNG,10/1/2021,0.25,19.28,177207
UNG,10/4/2021,0.25,20.39,177207
UNG,10/5/2021,0.25,21.78,177207
UNG,10/6/2021,0.25,19.75,177207
UNG,10/7/2021,0.25,19.9,177207
UNG,10/8/2021,0.25,19.38,177207
UNG,10/11/2021,0.25,18.66,177207
UNG,10/12/2021,0.25,18.86,177207
UNG,10/13/2021,0.25,19.56,177207
UNG,10/14/2021,0.25,19.61,177207
UNG,10/15/2021,0.25,18.84,177207
UNG,10/18/2021,0.25,17.45,177207
UNG,10/19/2021,0.25,17.78,177207
UNG,10/20/2021,0.25,18.17,177207
UNG,10/21/2021,0.25,18.16,177207
UNG,10/22/2021,0.25,18.38,177207
UNG,10/25/2021,0.25,20.4,177207
UNG,10/26/2021,0.25,19.94,177207
UNG,10/27/2021,0.25,20.45,177207
UNG,10/28/2021,0.25,19.28,177207
UNG,10/29/2021,0.25,18.46,177207
UNG,11/1/2021,0.25,17.39,177207
UNG,11/2/2021,0.25,18.42,177207
UNG,11/3/2021,0.25,19.44,177207
UNG,11/4/2021,0.25,19.03,177207
UNG,11/5/2021,0.25,18.76,177207
UNG,11/8/2021,0.25,18.07,177207
UNG,11/9/2021,0.25,16.56,177207
UNG,11/10/2021,0.25,16.38,177207
UNG,11/11/2021,0.25,17.12,177207
UNG,11/12/2021,0.25,16.07,177207
UNG,11/15/2021,0.25,16.79,177207
UNG,11/16/2021,0.25,17.18,177207
UNG,11/17/2021,0.25,16.3,177207
UNG,11/18/2021,0.25,16.37,177207
UNG,11/19/2021,0.25,16.73,177207
UNG,11/22/2021,0.25,15.94,177207
UNG,11/23/2021,0.25,16.73,177207
UNG,11/24/2021,0.25,16.7,177207
UNG,11/26/2021,0.25,17.44,177207
UNG,11/29/2021,0.25,15.88,177207
UNG,11/30/2021,0.25,15.08,177207
UNG,12/1/2021,0.25,13.91,177207
UNG,12/2/2021,0.25,13.46,177207
UNG,12/3/2021,0.25,13.33,177207
UNG,12/6/2021,0.25,12.05,177207
UNG,12/7/2021,0.25,12.22,177207
UNG,12/8/2021,0.25,12.5,177207
UNG,12/9/2021,0.25,12.38,177207
UNG,12/10/2021,0.25,12.71,177207
UNG,12/13/2021,0.25,12.55,177207
UNG,12/14/2021,0.25,12.45,177207
UNG,12/15/2021,0.25,12.45,177207
UNG,12/16/2021,0.25,12.34,177207
UNG,12/17/2021,0.25,12.04,177207
UNG,12/20/2021,0.25,12.51,177207
UNG,12/21/2021,0.25,12.51,177207
UNG,12/22/2021,0.25,12.72,177207
UNG,12/23/2021,0.25,12.1,177207
UNG,12/27/2021,0.25,13.04,177207
UNG,12/28/2021,0.25,12.94,177207
UNG,12/29/2021,0.25,12.74,177207
UNG,12/30/2021,0.25,11.92,177207
UNG,12/31/2021,0.25,12.49,177207
UNG,1/3/2022,0.25,12.77,177207
UNG,1/4/2022,0.25,12.44,177207
UNG,1/5/2022,0.25,12.8,177207
UNG,1/6/2022,0.25,12.8,177207
UNG,1/7/2022,0.25,13.02,177207
UNG,1/10/2022,0.25,13.74,177207
UNG,1/11/2022,0.25,14.07,177207
UNG,1/12/2022,0.25,15.97,177207
UNG,1/13/2022,0.25,14.2,177207
UNG,1/14/2022,0.25,14.17,177207
UNG,1/18/2022,0.25,14.33,177207
UNG,1/19/2022,0.25,13.45,177207
UNG,1/20/2022,0.25,12.83,177207
UNG,1/21/2022,0.25,13.1,177207
UNG,1/24/2022,0.25,13.32,177207
UNG,1/25/2022,0.25,13.57,177207
UNG,1/26/2022,0.25,13.98,177207
UNG,1/27/2022,0.25,15.2,177207
UNG,1/28/2022,0.25,16.27,177207
UNG,1/31/2022,0.25,17.01,177207
UNG,2/1/2022,0.25,17.1,177207
UNG,2/2/2022,0.25,18.98,177207
UNG,2/3/2022,0.25,17.24,177207
UNG,2/4/2022,0.25,15.84,177207
UNG,2/7/2022,0.25,14.99,177207
UNG,2/8/2022,0.25,14.72,177207
UNG,2/9/2022,0.25,14.05,177207
UNG,2/10/2022,0.25,13.89,177207
UNG,2/11/2022,0.25,13.95,177207
UNG,2/14/2022,0.25,14.55,177207
UNG,2/15/2022,0.25,15.12,177207
UNG,2/16/2022,0.25,15.82,177207
UNG,2/17/2022,0.25,15.67,177207
UNG,2/18/2022,0.25,15.41,177207
UNG,2/22/2022,0.25,15.67,177207
UNG,2/23/2022,0.25,16.12,177207
UNG,2/24/2022,0.25,16.29,177207
UNG,2/25/2022,0.25,15.82,177207
UNG,2/28/2022,0.25,15.46,177207
UNG,3/1/2022,0.25,16.11,177207
UNG,3/2/2022,0.25,17.02,177207
UNG,3/3/2022,0.25,16.64,177207
UNG,3/4/2022,0.25,17.34,177207
UNG,3/7/2022,0.25,16.95,177207
UNG,3/8/2022,0.25,16.07,177207
UNG,3/9/2022,0.25,15.91,177207
UNG,3/10/2022,0.25,16.32,177207
UNG,3/11/2022,0.25,16.79,177207
UNG,3/14/2022,0.25,16.47,177207
UNG,3/15/2022,0.25,16.21,177207
UNG,3/16/2022,0.25,16.69,177207
UNG,3/17/2022,0.25,17.37,177207
UNG,3/18/2022,0.25,17.22,177207
UNG,3/21/2022,0.25,17.44,177207
UNG,3/22/2022,0.25,18.09,177207
UNG,3/23/2022,0.25,18.03,177207
UNG,3/24/2022,0.25,18.97,177207
UNG,3/25/2022,0.25,19.49,177207
UNG,3/28/2022,0.25,19.22,177207
UNG,3/29/2022,0.25,18.6,177207
UNG,3/30/2022,0.25,19.38,177207
UNG,3/31/2022,0.25,19.72,177207
UNG,4/1/2022,0.25,19.92,177207
UNG,4/4/2022,0.25,20.05,177207
UNG,4/5/2022,0.25,21.06,177207
UNG,4/6/2022,0.25,21.23,177207
UNG,4/7/2022,0.25,22.37,177207
UNG,4/8/2022,0.25,22.09,177207
UNG,4/11/2022,0.25,23.3,177207
UNG,4/12/2022,0.25,23.4,177207
UNG,4/13/2022,0.25,24.62,177207
UNG,4/14/2022,0.25,25.6,177207
UNG,4/18/2022,0.25,27.13,177207
UNG,4/19/2022,0.25,24.99,177207
UNG,4/20/2022,0.25,24,177207
UNG,4/21/2022,0.25,24.2,177207
UNG,4/22/2022,0.25,22.7,177207
UNG,4/25/2022,0.25,24.22,177207
UNG,4/26/2022,0.25,23.82,177207
UNG,4/27/2022,0.25,25.19,177207
UNG,4/28/2022,0.25,23.85,177207
UNG,4/29/2022,0.25,25,177207
UNG,5/2/2022,0.25,26,177207
UNG,5/3/2022,0.25,26.79,177207
UNG,5/4/2022,0.25,29.01,177207
UNG,5/5/2022,0.25,30.1,177207
UNG,5/6/2022,0.25,27.68,177207
UNG,5/9/2022,0.25,24.31,177207
UNG,5/10/2022,0.25,24.79,177207
UNG,5/11/2022,0.25,26.38,177207
UNG,5/12/2022,0.25,26.48,177207
UNG,5/13/2022,0.25,26.27,177207
UNG,5/16/2022,0.25,27.4,177207
UNG,5/17/2022,0.25,28.44,177207
UNG,5/18/2022,0.25,28.49,177207
UNG,5/19/2022,0.25,27.98,177207
UNG,5/20/2022,0.25,27.73,177207
UNG,5/23/2022,0.25,30.07,177207
UNG,5/24/2022,0.25,30.12,177207
UNG,5/25/2022,0.25,30.53,177207
UNG,5/26/2022,0.25,29.73,177207
UNG,5/27/2022,0.25,29.58,177207
UNG,5/31/2022,0.25,27.91,177207
UNG,6/1/2022,0.25,29.79,177207
UNG,6/2/2022,0.25,28.79,177207
UNG,6/3/2022,0.25,28.96,177207
UNG,6/6/2022,0.25,31.73,177207
UNG,6/7/2022,0.25,31.72,177207
UNG,6/8/2022,0.25,29.41,177207
UNG,6/9/2022,0.25,30.37,177207
UNG,6/10/2022,0.25,29.72,177207
UNG,6/13/2022,0.25,29.41,177207
UNG,6/14/2022,0.25,24.72,177207
UNG,6/15/2022,0.25,25.45,177207
UNG,6/16/2022,0.25,25.27,177207
UNG,6/17/2022,0.25,23.68,177207
UNG,6/21/2022,0.25,23.2,177207
UNG,6/22/2022,0.25,23.21,177207
UNG,6/23/2022,0.25,21.34,177207
UNG,6/24/2022,0.25,21.29,177207
UNG,6/27/2022,0.25,22.11,177207
UNG,6/28/2022,0.25,22.65,177207
UNG,6/29/2022,0.25,21.87,177207
UNG,6/30/2022,0.25,19.01,177207
UNG,7/1/2022,0.25,19.31,177207
UNG,7/5/2022,0.25,18.66,177207
UNG,7/6/2022,0.25,18.85,177207
UNG,7/7/2022,0.25,21.14,177207
UNG,7/8/2022,0.25,20.57,177207
UNG,7/11/2022,0.25,22.03,177207
UNG,7/12/2022,0.25,21.21,177207
UNG,7/13/2022,0.25,22.43,177207
UNG,7/14/2022,0.25,22.7,177207
UNG,7/15/2022,0.25,24.24,177207
UNG,7/18/2022,0.25,25.34,177207
UNG,7/19/2022,0.25,24.93,177207
UNG,7/20/2022,0.25,26.78,177207
UNG,7/21/2022,0.25,27.02,177207
UNG,7/22/2022,0.25,28.3,177207
UNG,7/25/2022,0.25,29.71,177207
UNG,7/26/2022,0.25,30.12,177207
UNG,7/27/2022,0.25,29.74,177207
UNG,7/28/2022,0.25,28.34,177207
UNG,7/29/2022,0.25,28.62,177207
UNG,8/1/2022,0.25,28.5,177207
UNG,8/2/2022,0.25,26.41,177207
UNG,8/3/2022,0.25,28.53,177207
UNG,8/4/2022,0.25,28.17,177207
UNG,8/5/2022,0.25,27.57,177207
UNG,8/8/2022,0.25,26.28,177207
UNG,8/9/2022,0.25,26.96,177207
UNG,8/10/2022,0.25,28.39,177207
UNG,8/11/2022,0.25,30.11,177207
UNG,8/12/2022,0.25,30.26,177207
UNG,8/15/2022,0.25,30.56,177207
UNG,8/16/2022,0.25,32.27,177207
UNG,8/17/2022,0.25,31.88,177207
UNG,8/18/2022,0.25,31.76,177207
UNG,8/19/2022,0.25,32.05,177207
UNG,8/22/2022,0.25,33.79,177207
UNG,8/23/2022,0.25,32.01,177207
UNG,8/24/2022,0.25,31.86,177207
UNG,8/25/2022,0.25,32.3,177207
UNG,8/26/2022,0.25,31.99,177207
UNG,8/29/2022,0.25,31.94,177207
UNG,8/30/2022,0.25,31.4,177207
UNG,8/31/2022,0.25,31.65,177207
UNG,9/1/2022,0.25,31.74,177207
UNG,9/2/2022,0.25,30.71,177207
UNG,9/6/2022,0.25,27.8,177207
UNG,9/7/2022,0.25,27.01,177207
UNG,9/8/2022,0.25,27.53,177207
UNG,9/9/2022,0.25,27.89,177207
UNG,9/12/2022,0.25,29.01,177207
UNG,9/13/2022,0.25,29.13,177207
UNG,9/14/2022,0.25,31.45,177207
UNG,9/15/2022,0.25,28.66,177207
UNG,9/16/2022,0.25,26.95,177207
UNG,9/19/2022,0.25,27.35,177207
UNG,9/20/2022,0.25,26.67,177207
UNG,9/21/2022,0.25,26.97,177207
UNG,9/22/2022,0.25,25.15,177207
UNG,9/23/2022,0.25,24.07,177207
UNG,9/26/2022,0.25,24.21,177207
UNG,9/27/2022,0.25,23.41,177207
UNG,9/28/2022,0.25,24.09,177207
UNG,9/29/2022,0.25,23.7,177207
UNG,9/30/2022,0.25,23.38,177207
UNG,10/3/2022,0.25,22.46,177207
UNG,10/4/2022,0.25,23.49,177207
UNG,10/5/2022,0.25,23.94,177207
UNG,10/6/2022,0.25,23.84,177207
UNG,10/7/2022,0.25,22.94,177207
UNG,10/10/2022,0.25,22.45,177207
UNG,10/11/2022,0.25,22.62,177207
UNG,10/12/2022,0.25,22.11,177207
UNG,10/13/2022,0.25,23.04,177207
UNG,10/14/2022,0.25,22.36,177207
UNG,10/17/2022,0.25,20.84,177207
UNG,10/18/2022,0.25,20.04,177207
UNG,10/19/2022,0.25,19.07,177207
UNG,10/20/2022,0.25,18.83,177207
UNG,10/21/2022,0.25,17.82,177207
UNG,10/24/2022,0.25,18.58,177207
UNG,10/25/2022,0.25,20,177207
UNG,10/26/2022,0.25,19.83,177207
UNG,10/27/2022,0.25,18.91,177207
UNG,10/28/2022,0.25,18.69,177207
UNG,10/31/2022,0.25,20.38,177207
UNG,11/1/2022,0.25,18.84,177207
UNG,11/2/2022,0.25,19.91,177207
UNG,11/3/2022,0.25,19.1,177207
UNG,11/4/2022,0.25,20.82,177207
UNG,11/7/2022,0.25,21.7,177207
UNG,11/8/2022,0.25,20.2,177207
UNG,11/9/2022,0.25,19.16,177207
UNG,11/10/2022,0.25,19.88,177207
UNG,11/11/2022,0.25,19.16,177207
UNG,11/14/2022,0.25,19.52,177207
UNG,11/15/2022,0.25,19.77,177207
UNG,11/16/2022,0.25,20.09,177207
UNG,11/17/2022,0.25,20.6,177207
UNG,11/18/2022,0.25,20.56,177207
UNG,11/21/2022,0.25,21.79,177207
UNG,11/22/2022,0.25,22.85,177207
UNG,11/23/2022,0.25,23.51,177207
UNG,11/25/2022,0.25,22.7,177207
UNG,11/28/2022,0.25,22.36,177207
UNG,11/29/2022,0.25,22.14,177207
UNG,11/30/2022,0.25,21.22,177207
UNG,12/1/2022,0.25,20.87,177207
UNG,12/2/2022,0.25,19.08,177207
UNG,12/5/2022,0.25,17.1,177207
UNG,12/6/2022,0.25,16.39,177207
UNG,12/7/2022,0.25,17.74,177207
UNG,12/8/2022,0.25,18.25,177207
UNG,12/9/2022,0.25,19.26,177207
UNG,12/12/2022,0.25,19.91,177207
UNG,12/13/2022,0.25,21.27,177207
UNG,12/14/2022,0.25,19.47,177207
UNG,12/15/2022,0.25,20.92,177207
UNG,12/16/2022,0.25,20.1,177207
UNG,12/19/2022,0.25,18,177207
UNG,12/20/2022,0.25,16.61,177207
UNG,12/21/2022,0.25,16.85,177207
UNG,12/22/2022,0.25,15.81,177207
UNG,12/23/2022,0.25,15.91,177207
UNG,12/27/2022,0.25,16.12,177207
UNG,12/28/2022,0.25,15.05,177207
UNG,12/29/2022,0.25,14.54,177207
UNG,12/30/2022,0.25,14.1,177207
UNG,1/3/2023,0.25,12.78,177207
UNG,1/4/2023,0.25,13.23,177207
UNG,1/5/2023,0.25,11.96,177207
UNG,1/6/2023,0.25,11.89,177207
UNG,1/9/2023,0.25,12.43,177207
UNG,1/10/2023,0.25,11.43,177207
UNG,1/11/2023,0.25,11.72,177207
UNG,1/12/2023,0.25,11.76,177207
UNG,1/13/2023,0.25,11.03,177207
UNG,1/17/2023,0.25,11.55,177207
UNG,1/18/2023,0.25,10.62,177207
UNG,1/19/2023,0.25,10.51,177207
UNG,1/20/2023,0.25,10.26,177207
UNG,1/23/2023,0.25,11.01,177207
UNG,1/24/2023,0.25,10.49,177207
UNG,1/25/2023,0.25,9.81,177207
UNG,1/26/2023,0.25,9.62,177207
UNG,1/27/2023,0.25,9.81,177207
UNG,1/30/2023,0.25,9.12,177207
UNG,1/31/2023,0.25,9.32,177207
UNG,2/1/2023,0.25,8.5,177207
UNG,2/2/2023,0.25,8.38,177207
UNG,2/3/2023,0.25,8.19,177207
UNG,2/6/2023,0.25,8.5,177207
UNG,2/7/2023,0.25,8.87,177207
UNG,2/8/2023,0.25,8.23,177207
UNG,2/9/2023,0.25,8.35,177207
UNG,2/10/2023,0.25,8.79,177207
UNG,2/13/2023,0.25,8.33,177207
UNG,2/14/2023,0.25,8.85,177207
UNG,2/15/2023,0.25,8.42,177207
UNG,2/16/2023,0.25,8.26,177207
UNG,2/17/2023,0.25,7.76,177207
UNG,2/21/2023,0.25,7.21,177207
UNG,2/22/2023,0.25,7.58,177207
UNG,2/23/2023,0.25,8.07,177207
UNG,2/24/2023,0.25,8.49,177207
UNG,2/27/2023,0.25,8.96,177207
UNG,2/28/2023,0.25,9.12,177207
UNG,3/1/2023,0.25,9.3,177207
UNG,3/2/2023,0.25,9.17,177207
UNG,3/3/2023,0.25,9.88,177207
UNG,3/6/2023,0.25,8.65,177207
UNG,3/7/2023,0.25,8.77,177207
UNG,3/8/2023,0.25,8.58,177207
UNG,3/9/2023,0.25,8.24,177207
UNG,3/10/2023,0.25,8.04,177207
UNG,3/13/2023,0.25,8.65,177207
UNG,3/14/2023,0.25,8.57,177207
UNG,3/15/2023,0.25,8.1,177207
UNG,3/16/2023,0.25,8.34,177207
UNG,3/17/2023,0.25,7.8,177207
UNG,3/20/2023,0.25,7.46,177207
UNG,3/21/2023,0.25,7.73,177207
UNG,3/22/2023,0.25,7.38,177207
UNG,3/23/2023,0.25,7.18,177207
UNG,3/24/2023,0.25,7.33,177207
UNG,3/27/2023,0.25,7.07,177207
UNG,3/28/2023,0.25,6.83,177207
UNG,3/29/2023,0.25,6.9,177207
UNG,3/30/2023,0.25,6.68,177207
UNG,3/31/2023,0.25,6.94,177207
UNG,4/3/2023,0.25,6.71,177207
UNG,4/4/2023,0.25,6.61,177207
UNG,4/5/2023,0.25,6.79,177207
UNG,4/6/2023,0.25,6.41,177207
UNG,4/10/2023,0.25,6.85,177207
UNG,4/11/2023,0.25,7.06,177207
UNG,4/12/2023,0.25,6.65,177207
UNG,4/13/2023,0.25,6.41,177207
UNG,4/14/2023,0.25,6.69,177207
UNG,4/17/2023,0.25,7.13,177207
UNG,4/18/2023,0.25,7.35,177207
UNG,4/19/2023,0.25,6.99,177207
UNG,4/20/2023,0.25,7.02,177207
UNG,4/21/2023,0.25,7,177207
UNG,4/24/2023,0.25,7.19,177207
UNG,4/25/2023,0.25,7,177207
UNG,4/26/2023,0.25,6.76,177207
UNG,4/27/2023,0.25,6.88,177207
UNG,4/28/2023,0.25,7.01,177207
UNG,5/1/2023,0.25,6.76,177207
UNG,5/2/2023,0.25,6.49,177207
UNG,5/3/2023,0.25,6.31,177207
UNG,5/4/2023,0.25,6.11,177207
UNG,5/5/2023,0.25,6.17,177207
UNG,5/8/2023,0.25,6.53,177207
UNG,5/9/2023,0.25,6.63,177207
UNG,5/10/2023,0.25,6.4,177207
UNG,5/11/2023,0.25,6.39,177207
UNG,5/12/2023,0.25,6.64,177207
UNG,5/15/2023,0.25,6.94,177207
UNG,5/16/2023,0.25,6.86,177207
UNG,5/17/2023,0.25,6.9,177207
UNG,5/18/2023,0.25,7.48,177207
UNG,5/19/2023,0.25,7.46,177207
UNG,5/22/2023,0.25,7,177207
UNG,5/23/2023,0.25,6.88,177207
UNG,5/24/2023,0.25,7.06,177207
UNG,5/25/2023,0.25,6.76,177207
UNG,5/26/2023,0.25,6.64,177207
UNG,5/30/2023,0.25,6.33,177207
UNG,5/31/2023,0.25,6.2,177207
UNG,6/1/2023,0.25,5.94,177207
UNG,6/2/2023,0.25,5.98,177207
UNG,6/5/2023,0.25,6.18,177207
UNG,6/6/2023,0.25,6.21,177207
UNG,6/7/2023,0.25,6.39,177207
UNG,6/8/2023,0.25,6.42,177207
UNG,6/9/2023,0.25,6.22,177207
UNG,6/12/2023,0.25,6.24,177207
UNG,6/13/2023,0.25,6.42,177207
UNG,6/14/2023,0.25,6.45,177207
UNG,6/15/2023,0.25,7.02,177207
UNG,6/16/2023,0.25,7.19,177207
UNG,6/20/2023,0.25,6.85,177207
UNG,6/21/2023,0.25,7.14,177207
UNG,6/22/2023,0.25,7.17,177207
UNG,6/23/2023,0.25,7.55,177207
UNG,6/26/2023,0.25,7.7,177207
UNG,6/27/2023,0.25,7.47,177207
UNG,6/28/2023,0.25,7.09,177207
UNG,6/29/2023,0.25,7.18,177207
UNG,6/30/2023,0.25,7.42,177207
UNG,7/3/2023,0.25,7.24,177207
UNG,7/5/2023,0.25,7.11,177207
UNG,7/6/2023,0.25,7.04,177207
UNG,7/7/2023,0.25,6.86,177207
UNG,7/10/2023,0.25,7.11,177207
UNG,7/11/2023,0.25,7.3,177207
UNG,7/12/2023,0.25,7.08,177207
UNG,7/13/2023,0.25,6.82,177207
UNG,7/14/2023,0.25,6.79,177207
UNG,7/17/2023,0.25,6.77,177207
UNG,7/18/2023,0.25,7,177207
UNG,7/19/2023,0.25,7,177207
UNG,7/20/2023,0.25,7.28,177207
UNG,7/21/2023,0.25,7.27,177207
UNG,7/24/2023,0.25,7.24,177207
UNG,7/25/2023,0.25,7.34,177207
UNG,7/26/2023,0.25,7.22,177207
UNG,7/27/2023,0.25,7,177207
UNG,7/28/2023,0.25,7.09,177207
UNG,7/31/2023,0.25,7.11,177207
UNG,8/1/2023,0.25,6.92,177207
UNG,8/2/2023,0.25,6.67,177207
UNG,8/3/2023,0.25,6.88,177207
UNG,8/4/2023,0.25,6.95,177207
UNG,8/7/2023,0.25,7.4,177207
UNG,8/8/2023,0.25,7.52,177207
UNG,8/9/2023,0.25,7.97,177207
UNG,8/10/2023,0.25,7.48,177207
UNG,8/11/2023,0.25,7.49,177207
UNG,8/14/2023,0.25,7.52,177207
UNG,8/15/2023,0.25,7.17,177207
UNG,8/16/2023,0.25,7,177207
UNG,8/17/2023,0.25,7.07,177207
UNG,8/18/2023,0.25,6.94,177207
UNG,8/21/2023,0.25,6.97,177207
UNG,8/22/2023,0.25,6.78,177207
UNG,8/23/2023,0.25,6.61,177207
UNG,8/24/2023,0.25,6.74,177207
UNG,8/25/2023,0.25,6.86,177207
UNG,8/28/2023,0.25,6.85,177207
UNG,8/29/2023,0.25,6.86,177207
UNG,8/30/2023,0.25,7.2,177207
UNG,8/31/2023,0.25,7.11,177207
UNG,9/1/2023,0.25,7.05,177207
UNG,9/5/2023,0.25,6.65,177207
UNG,9/6/2023,0.25,6.48,177207
UNG,9/7/2023,0.25,6.65,177207
UNG,9/8/2023,0.25,6.71,177207
UNG,9/11/2023,0.25,6.71,177207
UNG,9/12/2023,0.25,7.05,177207
UNG,9/13/2023,0.25,6.95,177207
UNG,9/14/2023,0.25,6.93,177207
UNG,9/15/2023,0.25,6.81,177207
UNG,9/18/2023,0.25,6.95,177207
UNG,9/19/2023,0.25,7.03,177207
UNG,9/20/2023,0.25,6.79,177207
UNG,9/21/2023,0.25,6.62,177207
UNG,9/22/2023,0.25,6.7,177207
UNG,9/25/2023,0.25,6.74,177207
UNG,9/26/2023,0.25,6.61,177207
UNG,9/27/2023,0.25,6.72,177207
UNG,9/28/2023,0.25,6.84,177207
UNG,9/29/2023,0.25,6.83,177207
UNG,10/2/2023,0.25,6.63,177207
UNG,10/3/2023,0.25,6.86,177207
UNG,10/4/2023,0.25,6.98,177207
UNG,10/5/2023,0.25,7.41,177207
UNG,10/6/2023,0.25,7.74,177207
UNG,10/9/2023,0.25,7.88,177207
UNG,10/10/2023,0.25,7.9,177207
UNG,10/11/2023,0.25,7.9,177207
UNG,10/12/2023,0.25,7.8,177207
UNG,10/13/2023,0.25,7.5,177207
UNG,10/16/2023,0.25,7.28,177207
UNG,10/17/2023,0.25,7.18,177207
UNG,10/18/2023,0.25,7.18,177207
UNG,10/19/2023,0.25,6.91,177207
UNG,10/20/2023,0.25,6.78,177207
UNG,10/23/2023,0.25,6.81,177207
UNG,10/24/2023,0.25,6.96,177207
UNG,10/25/2023,0.25,7.07,177207
UNG,10/26/2023,0.25,7.31,177207
UNG,10/27/2023,0.25,7.2,177207
UNG,10/30/2023,0.25,6.95,177207
UNG,10/31/2023,0.25,7.5,177207
UNG,11/1/2023,0.25,7.27,177207
UNG,11/2/2023,0.25,7.29,177207
UNG,11/3/2023,0.25,7.26,177207
UNG,11/6/2023,0.25,6.82,177207
UNG,11/7/2023,0.25,6.61,177207
UNG,11/8/2023,0.25,6.54,177207
UNG,11/9/2023,0.25,6.34,177207
UNG,11/10/2023,0.25,6.33,177207
UNG,11/13/2023,0.25,6.72,177207
UNG,11/14/2023,0.25,6.46,177207
UNG,11/15/2023,0.25,6.56,177207
UNG,11/16/2023,0.25,6.37,177207
UNG,11/17/2023,0.25,6.16,177207
UNG,11/20/2023,0.25,5.99,177207
UNG,11/21/2023,0.25,5.89,177207
UNG,11/22/2023,0.25,5.98,177207
UNG,11/24/2023,0.25,5.91,177207
UNG,11/27/2023,0.25,5.8,177207
UNG,11/28/2023,0.25,5.52,177207
UNG,11/29/2023,0.25,5.51,177207
UNG,11/30/2023,0.25,5.52,177207
UNG,12/1/2023,0.25,5.45,177207
UNG,12/4/2023,0.25,5.34,177207
UNG,12/5/2023,0.25,5.34,177207
UNG,12/6/2023,0.25,5.06,177207
UNG,12/7/2023,0.25,5.07,177207
UNG,12/8/2023,0.25,5.02,177207
UNG,12/11/2023,0.25,4.81,177207
UNG,12/12/2023,0.25,4.52,177207
UNG,12/13/2023,0.25,4.6,177207
UNG,12/14/2023,0.25,4.76,177207
UNG,12/15/2023,0.25,4.83,177207
UNG,12/18/2023,0.25,4.89,177207
UNG,12/19/2023,0.25,4.9,177207
UNG,12/20/2023,0.25,4.7,177207
UNG,12/21/2023,0.25,4.99,177207
UNG,12/22/2023,0.25,5.04,177207
UNG,12/26/2023,0.25,4.93,177207
UNG,12/27/2023,0.25,4.95,177207
UNG,12/28/2023,0.25,5.14,177207
UNG,12/29/2023,0.25,5.07,177207
UNG,1/2/2024,0.25,5.19,177207
UNG,1/3/2024,0.25,5.44,177207
UNG,1/4/2024,0.25,5.77,177207
UNG,1/5/2024,0.25,5.84,177207
UNG,1/8/2024,0.25,6.01,177207
UNG,1/9/2024,0.25,6.48,177207
UNG,1/10/2024,0.25,6.15,177207
UNG,1/11/2024,0.25,6.29,177207
UNG,1/12/2024,0.25,6.82,177207
UNG,1/16/2024,0.25,5.78,177207
UNG,1/17/2024,0.25,5.82,177207
UNG,1/18/2024,0.25,5.56,177207
UNG,1/19/2024,0.25,5.2,177207
UNG,1/22/2024,0.25,4.92,177207
UNG,1/23/2024,0.25,5.03,177207
UNG,1/24/2024,1,21.06,177207
UNG,1/25/2024,1,20.1,177207
UNG,1/26/2024,1,20.14,177207
UNG,1/29/2024,1,19.13,177207
UNG,1/30/2024,1,19.4,177207
UNG,1/31/2024,1,19.63,177207
UNG,2/1/2024,1,18.91,177207
UNG,2/2/2024,1,19.36,177207
UNG,2/5/2024,1,19.25,177207
UNG,2/6/2024,1,18.54,177207
UNG,2/7/2024,1,18.24,177207
UNG,2/8/2024,1,17.42,177207
UNG,2/9/2024,1,17.15,177207
UNG,2/12/2024,1,16.17,177207
UNG,2/13/2024,1,15.52,177207
UNG,2/14/2024,1,14.89,177207
UNG,2/15/2024,1,14.81,177207
UNG,2/16/2024,1,14.99,177207
UNG,2/20/2024,1,14.77,177207
UNG,2/21/2024,1,16.62,177207
UNG,2/22/2024,1,16.28,177207
UNG,2/23/2024,1,15.21,177207
UNG,2/26/2024,1,15.62,177207
UNG,2/27/2024,1,16.17,177207
UNG,2/28/2024,1,16.73,177207
UNG,2/29/2024,1,16.54,177207
UNG,3/1/2024,1,16.42,177207
UNG,3/4/2024,1,17.3,177207
UNG,3/5/2024,1,17.51,177207
UNG,3/6/2024,1,17.29,177207
UNG,3/7/2024,1,16.03,177207
UNG,3/8/2024,1,16.13,177207
UNG,3/11/2024,1,15.69,177207
UNG,3/12/2024,1,15.31,177207
UNG,3/13/2024,1,14.91,177207
UNG,3/14/2024,1,15.57,177207
UNG,3/15/2024,1,15.13,177207
UNG,3/18/2024,1,15.34,177207
UNG,3/19/2024,1,15.64,177207
UNG,3/20/2024,1,15.37,177207
UNG,3/21/2024,1,15.32,177207
UNG,3/22/2024,1,15.11,177207
UNG,3/25/2024,1,15.04,177207
UNG,3/26/2024,1,14.96,177207
UNG,3/27/2024,1,14.35,177207
UNG,3/28/2024,1,14.57,177207
UNG,4/1/2024,1,15.39,177207
UNG,4/2/2024,1,15.48,177207
UNG,4/3/2024,1,15.46,177207
UNG,4/4/2024,1,14.9,177207
UNG,4/5/2024,1,14.87,177207
UNG,4/8/2024,1,15.41,177207
UNG,4/9/2024,1,15.85,177207
UNG,4/10/2024,1,15.67,177207
UNG,4/11/2024,1,14.85,177207
UNG,4/12/2024,1,14.89,177207
UNG,4/15/2024,1,14.14,177207
UNG,4/16/2024,1,14.48,177207
UNG,4/17/2024,1,14.38,177207
UNG,4/18/2024,1,14.42,177207
UNG,4/19/2024,1,14.52,177207
UNG,4/22/2024,1,15.04,177207
UNG,4/23/2024,1,15.44,177207
UNG,4/24/2024,1,14.36,177207
UNG,4/25/2024,1,14.37,177207
UNG,4/26/2024,1,14.06,177207
UNG,4/29/2024,1,14.91,177207
UNG,4/30/2024,1,14.44,177207
UNG,5/1/2024,1,14.14,177207
UNG,5/2/2024,1,14.86,177207
UNG,5/3/2024,1,15.67,177207
UNG,5/6/2024,1,16.06,177207
UNG,5/7/2024,1,16.17,177207
UNG,5/8/2024,1,15.95,177207
UNG,5/9/2024,1,16.92,177207
UNG,5/10/2024,1,16.52,177207
UNG,5/13/2024,1,17.31,177207
UNG,5/14/2024,1,17.17,177207
UNG,5/15/2024,1,17.6,177207
UNG,5/16/2024,1,18.17,177207
UNG,5/17/2024,1,19.1,177207
UNG,5/20/2024,1,19.82,177207
UNG,5/21/2024,1,19.49,177207
UNG,5/22/2024,1,20.55,177207
UNG,5/23/2024,1,20.12,177207
UNG,5/24/2024,1,19.02,177207
UNG,5/28/2024,1,19.36,177207
UNG,5/29/2024,1,18.22,177207
UNG,5/30/2024,1,17.56,177207
UNG,5/31/2024,1,17.59,177207
UNG,6/3/2024,1,18.92,177207
UNG,6/4/2024,1,18.02,177207
UNG,6/5/2024,1,18.94,177207
UNG,6/6/2024,1,19.3,177207
UNG,6/7/2024,1,20.18,177207
UNG,6/10/2024,1,20.19,177207
UNG,6/11/2024,1,21.53,177207
UNG,6/12/2024,1,20.83,177207
UNG,6/13/2024,1,20.11,177207
UNG,6/14/2024,1,19.86,177207
UNG,6/17/2024,1,19.16,177207
UNG,6/18/2024,1,19.94,177207
UNG,6/20/2024,1,19.03,177207
UNG,6/21/2024,1,18.96,177207
UNG,6/24/2024,1,19.7,177207
UNG,6/25/2024,1,18.99,177207
UNG,6/26/2024,1,18.31,177207
UNG,6/27/2024,1,17.98,177207
UNG,6/28/2024,1,17.43,177207
UNG,7/1/2024,1,16.57,177207
UNG,7/2/2024,1,16.41,177207
UNG,7/3/2024,1,16.35,177207
UNG,7/5/2024,1,15.6,177207
UNG,7/8/2024,1,15.86,177207
UNG,7/9/2024,1,15.73,177207
UNG,7/10/2024,1,15.51,177207
UNG,7/11/2024,1,15.22,177207
UNG,7/12/2024,1,15.5,177207
UNG,7/15/2024,1,14.48,177207
UNG,7/16/2024,1,14.61,177207
UNG,7/17/2024,1,13.74,177207
UNG,7/18/2024,1,14.11,177207
UNG,7/19/2024,1,14.3,177207
UNG,7/22/2024,1,15.01,177207
UNG,7/23/2024,1,14.86,177207
UNG,7/24/2024,1,14.31,177207
UNG,7/25/2024,1,13.75,177207
UNG,7/26/2024,1,13.51,177207
UNG,7/29/2024,1,13.59,177207
UNG,7/30/2024,1,14.01,177207
UNG,7/31/2024,1,13.54,177207
UNG,8/1/2024,1,13.09,177207
UNG,8/2/2024,1,13.05,177207
UNG,8/5/2024,1,12.94,177207
UNG,8/6/2024,1,13.32,177207
UNG,8/7/2024,1,13.86,177207
UNG,8/8/2024,1,14.18,177207
UNG,8/9/2024,1,14.28,177207
UNG,8/12/2024,1,14.4,177207
UNG,8/13/2024,1,14.33,177207
UNG,8/14/2024,1,14.74,177207
UNG,8/15/2024,1,14.57,177207
UNG,8/16/2024,1,14.07,177207
UNG,8/19/2024,1,14.69,177207
UNG,8/20/2024,1,14.65,177207
UNG,8/21/2024,1,14.56,177207
UNG,8/22/2024,1,13.81,177207
UNG,8/23/2024,1,13.72,177207
UNG,8/26/2024,1,13.33,177207
UNG,8/27/2024,1,13.08,177207
UNG,8/28/2024,1,13.2,177207
UNG,8/29/2024,1,13.43,177207
UNG,8/30/2024,1,13.37,177207
UNG,9/3/2024,1,13.89,177207
UNG,9/4/2024,1,13.46,177207
UNG,9/5/2024,1,14.18,177207
UNG,9/6/2024,1,14.32,177207
UNG,9/9/2024,1,13.48,177207
UNG,9/10/2024,1,14.07,177207
UNG,9/11/2024,1,14.25,177207
UNG,9/12/2024,1,14.83,177207
UNG,9/13/2024,1,14.49,177207
UNG,9/16/2024,1,14.86,177207
UNG,9/17/2024,1,14.64,177207
UNG,9/18/2024,1,14.44,177207
UNG,9/19/2024,1,14.61,177207
UNG,9/20/2024,1,15.34,177207
UNG,9/23/2024,1,16.09,177207
UNG,9/24/2024,1,15.81,177207
UNG,9/25/2024,1,15.85,177207
UNG,9/26/2024,1,15.47,177207
UNG,9/27/2024,1,16.37,177207
UNG,9/30/2024,1,16.33,177207
UNG,10/1/2024,1,16.37,177207
UNG,10/2/2024,1,16.41,177207
UNG,10/3/2024,1,16.68,177207
UNG,10/4/2024,1,15.94,177207
UNG,10/7/2024,1,15.38,177207
UNG,10/8/2024,1,15.25,177207
UNG,10/9/2024,1,14.86,177207
UNG,10/10/2024,1,15.13,177207
UNG,10/11/2024,1,14.8,177207
UNG,10/14/2024,1,13.99,177207
UNG,10/15/2024,1,14.01,177207
UNG,10/16/2024,1,13.44,177207
UNG,10/17/2024,1,13.31,177207
UNG,10/18/2024,1,13.03,177207
UNG,10/21/2024,1,13.25,177207
UNG,10/22/2024,1,13.5,177207
UNG,10/23/2024,1,13.82,177207
UNG,10/24/2024,1,14.32,177207
UNG,10/25/2024,1,14.45,177207
UNG,10/28/2024,1,13.34,177207
UNG,10/29/2024,1,13.41,177207
UNG,10/30/2024,1,13.23,177207
UNG,10/31/2024,1,12.71,177207
UNG,11/1/2024,1,12.48,177207
UNG,11/4/2024,1,13.06,177207
UNG,11/5/2024,1,12.53,177207
UNG,11/6/2024,1,12.87,177207
UNG,11/7/2024,1,12.66,177207
UNG,11/8/2024,1,12.53,177207
UNG,11/11/2024,1,13.8,177207
UNG,11/12/2024,1,13.66,177207
UNG,11/13/2024,1,14.11,177207
UNG,11/14/2024,1,13.15,177207
UNG,11/15/2024,1,13.37,177207
UNG,11/18/2024,1,13.75,177207
UNG,11/19/2024,1,13.87,177207
UNG,11/20/2024,1,14.75,177207
UNG,11/21/2024,1,15.15,177207
UNG,11/22/2024,1,14.31,177207
UNG,11/25/2024,1,14.79,177207
UNG,11/26/2024,1,15.08,177207
UNG,11/27/2024,1,13.81,177207
UNG,11/29/2024,1,14.43,177207
UNG,12/2/2024,1,13.88,177207
UNG,12/3/2024,1,13.21,177207
UNG,12/4/2024,1,13.26,177207
UNG,12/5/2024,1,13.32,177207
UNG,12/6/2024,1,13.37,177207
UNG,12/9/2024,1,13.77,177207
UNG,12/10/2024,1,13.81,177207
UNG,12/11/2024,1,14.56,177207
UNG,12/12/2024,1,15.04,177207
UNG,12/13/2024,1,14.23,177207
UNG,12/16/2024,1,13.95,177207
UNG,12/17/2024,1,14.46,177207
UNG,12/18/2024,1,14.54,177207
UNG,12/19/2024,1,15.4,177207
UNG,12/20/2024,1,15.87,177207
UNG,12/23/2024,1,15.63,177207
UNG,12/24/2024,1,16.14,177207
UNG,12/26/2024,1,15.37,177207
UNG,12/27/2024,1,15.76,177207
UNG,12/30/2024,1,18.03,177207
UNG,12/31/2024,1,16.81,177207
UNG,1/2/2025,1,17.01,177207
UNG,1/3/2025,1,15.59,177207
UNG,1/6/2025,1,17.16,177207
UNG,1/7/2025,1,15.99,177207
UNG,1/8/2025,1,17.11,177207
UNG,1/10/2025,1,18.42,177207
UNG,1/13/2025,1,18.22,177207
UNG,1/14/2025,1,18.47,177207
UNG,1/15/2025,1,19.12,177207
UNG,1/16/2025,1,19.94,177207
UNG,1/17/2025,1,18.34,177207
UNG,1/21/2025,1,17.73,177207
UNG,1/22/2025,1,18.54,177207
UNG,1/23/2025,1,18.25,177207
UNG,1/24/2025,1,18.12,177207
UNG,1/27/2025,1,17.15,177207
UNG,1/28/2025,1,16.29,177207
UNG,1/29/2025,1,16.76,177207
UNG,1/30/2025,1,16.14,177207
UNG,1/31/2025,1,16.19,177207
UNG,2/3/2025,1,17.64,177207
UNG,2/4/2025,1,17.07,177207
UNG,2/5/2025,1,17.8,177207
UNG,2/6/2025,1,17.89,177207
UNG,2/7/2025,1,17.48,177207
UNG,2/10/2025,1,18.21,177207
UNG,2/11/2025,1,18.58,177207
UNG,2/12/2025,1,18.79,177207
UNG,2/13/2025,1,19.15,177207
UNG,2/14/2025,1,19.65,177207
UNG,2/18/2025,1,20.95,177207
UNG,2/19/2025,1,22.61,177207
UNG,2/20/2025,1,21.73,177207
UNG,2/21/2025,1,22.09,177207
UNG,2/24/2025,1,21.24,177207
UNG,2/25/2025,1,21.75,177207
UNG,2/26/2025,1,21.15,177207
UNG,2/27/2025,1,20.86,177207
UNG,2/28/2025,1,20.34,177207
UNG,3/3/2025,1,21.95,177207
UNG,3/4/2025,1,23.11,177207
UNG,3/5/2025,1,23.62,177207
UNG,3/6/2025,1,22.77,177207
UNG,3/7/2025,1,23.19,177207
UNG,3/10/2025,1,23.83,177207
UNG,3/11/2025,1,23.28,177207
UNG,3/12/2025,1,21.65,177207
UNG,3/13/2025,1,21.43,177207
UNG,3/14/2025,1,21.79,177207
UNG,3/17/2025,1,21.22,177207
UNG,3/18/2025,1,21.41,177207
UNG,3/19/2025,1,22.35,177207
UNG,3/20/2025,1,21.17,177207
UNG,3/21/2025,1,20.84,177207
UNG,3/24/2025,1,20.66,177207
UNG,3/25/2025,1,20.33,177207
UNG,3/26/2025,1,20.14,177207
UNG,3/27/2025,1,20.41,177207
UNG,3/28/2025,1,21.33,177207
UNG,3/31/2025,1,21.61,177207
UNG,4/1/2025,1,20.7,177207
UNG,4/2/2025,1,21.05,177207
UNG,4/3/2025,1,21.57,177207
UNG,4/4/2025,1,20.04,177207
UNG,4/7/2025,1,19.07,177207
UNG,4/8/2025,1,18.28,177207
UNG,4/9/2025,1,19.62,177207
UNG,4/10/2025,1,18.47,177207
UNG,4/11/2025,1,18.63,177207
UNG,4/14/2025,1,17.51,177207
UNG,4/15/2025,1,17.36,177207
UNG,4/16/2025,1,17.03,177207
UNG,4/17/2025,1,17.03,177207
UNG,4/21/2025,1,16.02,177207
UNG,4/22/2025,1,15.78,177207
UNG,4/23/2025,1,15.73,177207
UNG,4/24/2025,1,15.5,177207
UNG,4/25/2025,1,15.7,177207
UNG,4/28/2025,1,16.62,177207
UNG,4/29/2025,1,16.88,177207
UNG,4/30/2025,1,16.74,177207
UNG,5/1/2025,1,17.32,177207
UNG,5/2/2025,1,18.32,177207
UNG,5/5/2025,1,17.98,177207
UNG,5/6/2025,1,17.37,177207
UNG,5/7/2025,1,18.17,177207
UNG,5/8/2025,1,18.07,177207
UNG,5/9/2025,1,18.98,177207
UNG,5/12/2025,1,18.35,177207
UNG,5/13/2025,1,18.19,177207
UNG,5/14/2025,1,17.4,177207
UNG,5/15/2025,1,16.8,177207
UNG,5/16/2025,1,16.71,177207
UNG,5/19/2025,1,15.65,177207
UNG,5/20/2025,1,16.99,177207
UNG,5/21/2025,1,16.92,177207
UNG,5/22/2025,1,16.65,177207
UNG,5/23/2025,1,16.83,177207
UNG,5/27/2025,1,17.07,177207
UNG,5/28/2025,1,16.15,177207
UNG,5/29/2025,1,15.99,177207
UNG,5/30/2025,1,15.71,177207
UNG,6/2/2025,1,16.87,177207
UNG,6/3/2025,1,16.96,177207
UNG,6/4/2025,1,16.91,177207
UNG,6/5/2025,1,16.7,177207
UNG,6/6/2025,1,17.18,177207
UNG,6/9/2025,1,16.56,177207
UNG,6/10/2025,1,16.06,177207
UNG,6/11/2025,1,15.95,177207
UNG,6/12/2025,1,16.07,177207
UNG,6/13/2025,1,16.36,177207
UNG,6/16/2025,1,16.98,177207
UNG,6/17/2025,1,17.58,177207
UNG,6/18/2025,1,18.08,177207
UNG,6/20/2025,1,17.66,177207
UNG,6/23/2025,1,16.84,177207
UNG,6/24/2025,1,16.25,177207
UNG,6/25/2025,1,15.85,177207
UNG,6/26/2025,1,15.66,177207
UNG,6/27/2025,1,16.54,177207
UNG,6/30/2025,1,15.28,177207
UNG,7/1/2025,1,15.11,177207
UNG,7/2/2025,1,15.42,177207
UNG,7/3/2025,1,15.25,177207
UNG,7/7/2025,1,15.11,177207
UNG,7/8/2025,1,14.83,177207
UNG,7/9/2025,1,14.2,177207
UNG,7/10/2025,1,14.75,177207
UNG,7/11/2025,1,14.92,177207
UNG,7/14/2025,1,15.29,177207
UNG,7/15/2025,1,15.54,177207
UNG,7/16/2025,1,15.8,177207
UNG,7/17/2025,1,15.7,177207
UNG,7/18/2025,1,15.85,177207
UNG,7/21/2025,1,14.68,177207
UNG,7/22/2025,1,14.47,177207
UNG,7/23/2025,1,13.71,177207
UNG,7/24/2025,1,13.86,177207
UNG,7/25/2025,1,13.83,177207
UNG,7/28/2025,1,13.67,177207
UNG,7/29/2025,1,13.91,177207
UNG,7/30/2025,1,13.35,177207
UNG,7/31/2025,1,13.59,177207
UNG,8/1/2025,1,13.62,177207
UNG,8/4/2025,1,12.96,177207
UNG,8/5/2025,1,13.19,177207
UNG,8/6/2025,1,13.54,177207
UNG,8/7/2025,1,13.53,177207
UNG,8/8/2025,1,13.2,177207
UNG,8/11/2025,1,13.07,177207
UNG,8/12/2025,1,12.28,177207
UNG,8/13/2025,1,12.4,177207
UNG,8/14/2025,1,12.51,177207
UNG,8/15/2025,1,12.83,177207
UNG,8/18/2025,1,12.72,177207
UNG,8/19/2025,1,12.16,177207
UNG,8/20/2025,1,12.13,177207
UNG,8/21/2025,1,12.4,177207
UNG,8/22/2025,1,11.91,177207
UNG,8/25/2025,1,11.95,177207
UNG,8/26/2025,1,11.97,177207
UNG,8/27/2025,1,12.19,177207
UNG,8/28/2025,1,12.57,177207
UNG,8/29/2025,1,12.83,177207
UNG,9/2/2025,1,12.78,177207
UNG,9/3/2025,1,13.06,177207
UNG,9/4/2025,1,13.1,177207
UNG,9/5/2025,1,12.94,177207
UNG,9/8/2025,1,13.16,177207
UNG,9/9/2025,1,13.26,177207
UNG,9/10/2025,1,12.88,177207
UNG,9/11/2025,1,12.42,177207
UNG,9/12/2025,1,12.51,177207
UNG,9/15/2025,1,12.91,177207
UNG,9/16/2025,1,13.22,177207
UNG,9/17/2025,1,13.1,177207
UNG,9/18/2025,1,12.67,177207
UNG,9/19/2025,1,12.57,177207
UNG,9/22/2025,1,12.15,177207
UNG,9/23/2025,1,12.36,177207
UNG,9/24/2025,1,12.36,177207
UNG,9/25/2025,1,12.59,177207
UNG,9/26/2025,1,12.47,177207
UNG,9/29/2025,1,12.82,177207
UNG,9/30/2025,1,13.07,177207
UNG,10/1/2025,1,13.62,177207
UNG,10/2/2025,1,13.45,177207
UNG,10/3/2025,1,13.05,177207
UNG,10/6/2025,1,13.3,177207
UNG,10/7/2025,1,13.78,177207
UNG,10/8/2025,1,13.1,177207
UNG,10/9/2025,1,12.74,177207
UNG,10/10/2025,1,12.33,177207
UNG,10/13/2025,1,12.18,177207
UNG,10/14/2025,1,11.95,177207
UNG,10/15/2025,1,11.88,177207
UNG,10/16/2025,1,11.58,177207
UNG,10/17/2025,1,11.87,177207
UNG,10/20/2025,1,12.93,177207
UNG,10/21/2025,1,13.15,177207
UNG,10/22/2025,1,13.06,177207
UNG,10/23/2025,1,12.93,177207
UNG,10/24/2025,1,12.97,177207
UNG,10/27/2025,1,12.89,177207
UNG,10/28/2025,1,12.34,177207
UNG,10/29/2025,1,12.21,177207
UNG,10/30/2025,1,12.82,177207
UNG,10/31/2025,1,13.25,177207
UNG,11/3/2025,1,13.76,177207
UNG,11/4/2025,1,13.93,177207
UNG,11/5/2025,1,13.63,177207
UNG,11/6/2025,1,14.17,177207
UNG,11/7/2025,1,13.95,177207
UNG,11/10/2025,1,14.1,177207
UNG,11/11/2025,1,14.56,177207
UNG,11/12/2025,1,14.65,177207
UNG,11/13/2025,1,14.81,177207
UNG,11/14/2025,1,14.56,177207
UNG,11/17/2025,1,14.12,177207
UNG,11/18/2025,1,14.22,177207
UNG,11/19/2025,1,14.7,177207
UNG,11/20/2025,1,14.42,177207
UNG,11/21/2025,1,14.65,177207
UNG,11/24/2025,1,14.41,177207
UNG,11/25/2025,1,13.83,177207
UNG,11/26/2025,1,14.25,177207
UNG,11/28/2025,1,14.73,177207
UNG,12/1/2025,1,15.21,177207
UNG,12/2/2025,1,14.96,177207
UNG,12/3/2025,1,15.47,177207
UNG,12/4/2025,1,15.66,177207
UNG,12/5/2025,1,16.37,177207
UNG,12/8/2025,1,15.07,177207
UNG,12/9/2025,1,14.1,177207
UNG,12/10/2025,1,14.26,177207
UNG,12/11/2025,1,13.08,177207
UNG,12/12/2025,1,12.73,177207
UNG,12/15/2025,1,12.46,177207
UNG,12/16/2025,1,12.1,177207
UNG,12/17/2025,1,12.64,177207
UNG,12/18/2025,1,12.03,177207
UNG,12/19/2025,1,12.19,177207
UNG,12/22/2025,1,11.85,177207
UNG,12/23/2025,1,12.9,177207
UNG,12/24/2025,1,12.39,177207
UNG,12/26/2025,1,12.81,177207
UNG,12/29/2025,1,13.05,177207
UNG,12/30/2025,1,13.12,177207
UNG,12/31/2025,1,12.26,177207
UNG,1/2/2026,1,12.06,177207
UNG,1/5/2026,1,11.63,177207
UNG,1/6/2026,1,11.28,177207
UNG,1/7/2026,1,11.78,177207
UNG,1/8/2026,1,11.27,177207
UNG,1/9/2026,1,10.4,177207
UNG,1/12/2026,1,11.18,177207
UNG,1/13/2026,1,11.32,177207
UNG,1/14/2026,1,10.24,177207
UNG,1/15/2026,1,10.3,177207
UNG,1/16/2026,1,10.33,177207
UNG,1/20/2026,1,12.37,177207
UNG,1/21/2026,1,13.64,177207
UNG,1/22/2026,1,13.43,177207
UNG,1/23/2026,1,13.97,177207
UNG,1/26/2026,1,14.83,177207
UNG,1/27/2026,1,14.7,177207
UNG,1/28/2026,1,14.53,177207
UNG,1/29/2026,1,15.06,177207
UNG,1/30/2026,1,16.9,177207
UNG,2/2/2026,1,12.7,177207
UNG,2/3/2026,1,12.98,177207
UNG,2/4/2026,1,13.46,177207
UNG,2/5/2026,1,13.52,177207
UNG,2/6/2026,1,13.27,177207
UNG,2/9/2026,1,12.17,177207
UNG,2/10/2026,1,12.13,177207
UNG,2/11/2026,1,12.32,177207
UNG,2/12/2026,1,12.43,177207
UNG,2/13/2026,1,12.44,177207
UNG,2/17/2026,1,11.9,177207
UNG,2/18/2026,1,11.87,177207
UNG,2/19/2026,1,11.8,177207
UNG,2/20/2026,1,12.01,177207
UNG,2/23/2026,1,11.74,177207
UNG,2/24/2026,1,11.46,177207
UNG,2/25/2026,1,11.6,177207
UNG,2/26/2026,1,11.38,177207
UNG,2/27/2026,1,11.52,177207
UNG,3/2/2026,1,12,177207
UNG,3/3/2026,1,12.28,177207
UNG,3/4/2026,1,11.78,177207
UNG,3/5/2026,1,12.05,177207
UNG,3/6/2026,1,12.75,177207
UNG,3/9/2026,1,12.31,177207
UNG,3/10/2026,1,12.27,177207
UNG,3/11/2026,1,12.88,177207
UNG,3/12/2026,1,13.04,177207
UNG,3/13/2026,1,12.64,177207
UNG,3/16/2026,1,12.21,177207
UNG,3/17/2026,1,12.2,177207
UNG,3/18/2026,1,12.67,177207
UNG,3/19/2026,1,12.56,177207
UNG,3/20/2026,1,12.39,177207
UNG,3/23/2026,1,11.73,177207
UNG,3/24/2026,1,11.73,177207
UNG,3/25/2026,1,11.86,177207
UNG,3/26/2026,1,11.84,177207
UNG,3/27/2026,1,12.28,177207
UNG,3/30/2026,1,11.68,177207
UNG,3/31/2026,1,11.73,177207
UNG,4/1/2026,1,11.42,177207
UNG,4/2/2026,1,11.35,177207
UNG,4/6/2026,1,11.37,177207
UNG,4/7/2026,1,11.55,177207
UNG,4/8/2026,1,11.08,177207
UNG,4/9/2026,1,10.88,177207
UNG,4/10/2026,1,10.77,177207
UNG,4/13/2026,1,10.68,177207
UNG,4/14/2026,1,10.56,177207
UNG,4/15/2026,1,10.58,177207
UNG,4/16/2026,1,10.78,177207
UNG,4/17/2026,1,10.84,177207
